,ts,qid,question,derivation,calc_pattern,pred,pred_scale,answer,scale,value_match,selection_success,sign_error,is_parenth_in_table,has_code_abs,error_text,exact_match,error_code
0,1755083932.9443967,b2786c1a-37de-4120-b03c-32bf5c81f157,What was the change in the amount for Appliances in 2019 from 2018?,680-774,#-#,,,-94.0,million,False,False,False,False,False,[Outer Exception]local variable 'code' referenced before assignment,False,runtime_error
1,1755083933.0690022,5103aed0-b4e8-4fae-bf78-e2c9f4ba84cf,"What is the difference between the domestic and international discount rates as at September 30, 2019?",4.00 - 1.90 ,#-#,,,2.1,percent,False,False,False,False,False,[Outer Exception]local variable 'code' referenced before assignment,False,runtime_error
2,1755083933.218464,a0414f81-8dc2-44b2-a441-2c9d9c805c4d,What is the 2019 average defined contribution schemes?,(166+178)/2,(#+#)/#,,,172.0,million,False,False,False,False,False,[Outer Exception]local variable 'code' referenced before assignment,False,runtime_error
3,1755083933.3704498,bed1fce2-69cb-4d1e-a34a-01950a1770bd,What is the percentage change in the operating loss carryforward from 2018 to 2019?,"(73,260-57,768)/57,768",(#-#)/#,,,26.82,percent,False,False,False,True,False,[Outer Exception]local variable 'code' referenced before assignment,False,runtime_error
4,1755083933.6842618,ba6783f3-8207-419a-b407-3f688682caef,What is the ratio of IMFT’s total assets to total liabilities in 2019?,"2,664/909 ",#/#,,,2.93,,False,False,False,False,False,[Outer Exception]local variable 'code' referenced before assignment,False,runtime_error
5,1755083933.8581126,a4f782f1-de3b-47a3-87af-1cb33c112b39,"What was the percentage change in Value added tax receivables, net, noncurrent in 2019 from 2018?",(592-519)/519,(#-#)/#,,,14.07,percent,False,False,False,False,False,[Outer Exception]local variable 'code' referenced before assignment,False,runtime_error
6,1755083934.200677,dc5e217a-a7b3-4fc9-ac0f-13d328f26b20,What is the 2019 average free cash flow?,"(4,411+4,044)/2",(#+#)/#,,,4227.5,million,False,False,False,True,False,[Outer Exception]local variable 'code' referenced before assignment,False,runtime_error
7,1755083934.4814665,a983501d-2eec-486d-9661-e520c7c8af5e,What was the average difference between EBITDA and underlying EBITDA for both FYs?,"((85,123 - 79,046) + (63,954 - 62,575)) / 2 ",((#-#)+(#-#))/#,,,3728.0,thousand,False,False,False,True,False,[Outer Exception]local variable 'code' referenced before assignment,False,runtime_error
8,1755083934.649458,91812b92-5e94-414f-a447-4622aa3c2d10,What was the average dividend yield for the 3 years from 2017 to 2019?,(1.7%+1.5%+1.5%)/3,(#%+#%+#%)/#,,,1.57,percent,False,False,False,False,False,[Outer Exception]local variable 'code' referenced before assignment,False,runtime_error
9,1755083934.9106464,6100c476-160a-4f1e-bfc1-a16f4cc18b52,What was the increase / (decrease) in the cost from 2018 to 2019?,100 - 82,#-#,,,18.0,million,False,False,False,True,False,[Outer Exception]local variable 'code' referenced before assignment,False,runtime_error
10,1755083935.2407513,65ec782c-691e-45df-b541-caecb85154ff,What was the change in Capital redemption reserve in 2019 from 2018?,0.7-0.5,#-#,,,0.2,million,False,False,False,True,False,[Outer Exception]local variable 'code' referenced before assignment,False,runtime_error
11,1755083935.9015434,bbe335ff-414f-48b3-8126-5a2c7c505de3,How much was the average operating income from 2015 to 2019?," (13,535+13,264+12,913+12,604+13,871) / 5 ",(#+#+#+#+#)/#,,,13237.4,million,False,False,False,False,False,[Outer Exception]local variable 'code' referenced before assignment,False,runtime_error
12,1755083936.1548195,191c3926-7356-4ab8-a8f9-41e7b7c8a492,What were the total Assets as reported?,"(19,373+22,626+22,510)",#+#+#,,,64509.0,thousand,False,False,False,True,False,[Outer Exception]local variable 'code' referenced before assignment,False,runtime_error
13,1755083936.2950873,58adf6c4-41ae-4f3f-84cb-cf3469a80ce4,What was the percentage change in Total Other operating expenses between 2018 and 2019?,($166.3-$513.3)/$513.3,(#-#)/#,,,-67.6,percent,False,False,False,False,False,[Outer Exception]local variable 'code' referenced before assignment,False,runtime_error
14,1755083936.5541284,79f06004-f4fc-4e82-a9fe-3c389a2f81b6,What was the change in the statutory federal income tax rate from 2018 to 2019?,21.0% - 21.0%,#%-#%,,,0.0,percent,False,False,False,True,False,[Outer Exception]local variable 'code' referenced before assignment,False,runtime_error
15,1755083936.7354727,6cc73a99-0323-40d5-9d92-b285579b3482,What was the percentage change in gross profit between 2018 and 2019?,"(315,652-365,607)/365,607",(#-#)/#,,,-13.66,percent,False,False,False,False,False,[Outer Exception]local variable 'code' referenced before assignment,False,runtime_error
16,1755083936.8419135,fa43e8cd-7fea-4738-85ee-f61ae8529f96,What was the change in the revenues from 2018 to 2019?,"1,073.3 - 1,095.0",#-#,,,-21.7,million,False,False,False,False,False,[Outer Exception]local variable 'code' referenced before assignment,False,runtime_error
17,1755083937.1769366,a1912c87-d68c-42ea-b0da-98908097d227,What was the change in closing cash?,183.2-121.6,#-#,,,61.6,million,False,False,False,False,False,[Outer Exception]local variable 'code' referenced before assignment,False,runtime_error
18,1755083937.7221124,692ea65a-9a60-4210-bd75-d34231e2e113,What is the average total current tax expense for 2017 and 2018? ,"(1,018+950)/2",(#+#)/#,,,984.0,million,False,False,False,True,False,[Outer Exception]local variable 'code' referenced before assignment,False,runtime_error
19,1755083937.869646,bfce0375-cbd0-4e25-9b82-0424058918f1,"What is the total number of nonvested shares as of December 31, 2019 and 2018?","6,148+5,974",#+#,,,12122.0,thousand,False,False,False,True,False,[Outer Exception]local variable 'code' referenced before assignment,False,runtime_error
20,1755083938.109081,73693527-ed4b-4d07-941e-0e654095a43d,What was the employee termination costs as a proportion of total costs in 2018?,53.0/55.5,#/#,,,0.9500000000000001,,False,False,False,True,False,[Outer Exception]local variable 'code' referenced before assignment,False,runtime_error
21,1755083938.3395045,4a253bf4-b9fc-4ec3-b99b-d2744646a296,What was the change in Total (loan) in 2019 from 2018?,828.8-885.3,#-#,,,-56.5,million,False,False,False,False,False,[Outer Exception]local variable 'code' referenced before assignment,False,runtime_error
22,1755083938.5343735,1238d807-aa57-48a3-93b6-591873788625,What was the increase / (decrease) in the Statutory federal income tax (benefit) from 2018 to 2019?,"14,694 - 34,105",#-#,,,-19411.0,thousand,False,False,False,True,False,[Outer Exception]local variable 'code' referenced before assignment,False,runtime_error
23,1755083938.72965,a3e21403-222e-4328-8f7d-9383d2d91fe9,What is the average dividend yield in 2017 and 2018?,(4.1% + 4.6%)/2 ,(#%+#%)/#,,,4.35,percent,False,False,False,False,False,[Outer Exception]local variable 'code' referenced before assignment,False,runtime_error
24,1755083938.871422,8b6a4479-3b77-4db7-a90c-8b1ca41a8997,What was the change in net debt from 2018 to 2019?,295.2-235.8,#-#,,,59.4,million,False,False,False,False,False,[Outer Exception]local variable 'code' referenced before assignment,False,runtime_error
25,1755083939.2526302,3b5bb347-41c7-499a-b044-87b9a04b0833,What was the percentage change in Total Other in 2018 from 2017?,(95-82)/82,(#-#)/#,,,15.85,percent,False,False,False,False,False,[Outer Exception]local variable 'code' referenced before assignment,False,runtime_error
26,1755083939.4492445,0d0c77cf-d32c-4b0e-8da0-dcaa3f681f59,What is the percentage of Bell Wireless out of the Total BCE operating revenues in Q4 2019?,"2,493/6,316",#/#,,,39.47,percent,False,False,False,True,False,[Outer Exception]local variable 'code' referenced before assignment,False,runtime_error
27,1755083939.618689,259e18e8-4738-4f4d-b625-e352ca78a136,What is the increase / (decrease) in the recorded investment from 2018 to 2019?,"22,446 - 31,182",#-#,,,-8736.0,million,False,False,False,False,False,[Outer Exception]local variable 'code' referenced before assignment,False,runtime_error
28,1755083939.7977083,d2969c34-708e-4ab0-8e21-32c0b18c544c,What is the ratio of current deferred revenue to non-current deferred revenue as of end of period?,"4,483/3,444",#/#,,,1.3,,False,False,False,True,False,[Outer Exception]local variable 'code' referenced before assignment,False,runtime_error
29,1755083940.040335,59f13f19-4494-4c54-8e9a-1b499d50021a,What is the total price of shares that were exercised or canceled between 2016 and 2017?,"(235,514*2.92)+(81,794*3.59) ",(#*#)+(#*#),,,981341.34,,False,False,False,True,False,[Outer Exception]local variable 'code' referenced before assignment,False,runtime_error
30,1755083940.1954896,cf89ffee-b551-4e34-9321-30325df32cc1,What was the change in the Amount recognized in other comprehensive (loss) income from 2017 to 2018?,-7 - 10,-#-#,,,-17.0,million,False,False,False,True,False,[Outer Exception]local variable 'code' referenced before assignment,False,runtime_error
31,1755083940.5355668,6a441650-9d8a-43a0-8906-bec97a73ca2c,What is the total special termination benefits charge in 2018 and 2019?,6+15,#+#,,,21.0,million,False,False,False,True,False,[Outer Exception]local variable 'code' referenced before assignment,False,runtime_error
32,1755083940.8471324,8a21f821-eaf6-421a-8c67-795e7e2d1f61,What was the percentage change in Adjusted EBITDA between 2018 and 2019?,"(108,307-93,081)/93,081",(#-#)/#,,,16.36,percent,False,False,False,True,False,[Outer Exception]local variable 'code' referenced before assignment,False,runtime_error
33,1755083940.9744651,07ec204e-3922-4b5c-b1fd-9cb9311a53e5,What was the percentage change in the Total net deferred tax assets between 2018 and 2019?,"(14,158-18,211)/18,211",(#-#)/#,,,-22.26,percent,False,False,False,True,False,[Outer Exception]local variable 'code' referenced before assignment,False,runtime_error
34,1755083941.1238031,f1034ee7-b182-48d5-bad8-1d9902500f57,What is the difference in the number of rights 'granted during the period' between 2018 and 2019?,"5,691,731 - 4,465,617 ",#-#,,,1226114.0,,False,False,False,True,False,[Outer Exception]local variable 'code' referenced before assignment,False,runtime_error
35,1755083941.2817924,fda3b0cb-bc87-4cbc-bc8f-79604538a700,What is the average Legal reserve within Appropriation of earnings?,"(707,299+963,947) / 2",(#+#)/#,,,835623.0,thousand,False,False,False,True,False,[Outer Exception]local variable 'code' referenced before assignment,False,runtime_error
36,1755083941.7625468,f12806ca-aa4c-4fe6-84fc-10cefca76a9e,What is the change in the operating revenue under continuing operations from 2018 to 2019?,"154,159-176,931",#-#,,,-22772.0,thousand,False,False,False,True,False,[Outer Exception]local variable 'code' referenced before assignment,False,runtime_error
37,1755083942.0681994,f36e5912-f63c-4837-a9ed-ddbe73e5148b,What is the percentage of the operating leases of more than 5 years in the total operating leases?,"11,825/98,389",#/#,,,12.02,percent,False,False,False,False,False,[Outer Exception]local variable 'code' referenced before assignment,False,runtime_error
38,1755083942.242921,e1ae4755-8038-4862-9f2f-b4197f9f2159,What was the increase / (decrease) in the contractual obligation for operating leases from 2020 to 2021-2022?,"7,111-4,143 ",#-#,,,2968.0,thousand,False,False,False,False,False,[Outer Exception]local variable 'code' referenced before assignment,False,runtime_error
39,1755083942.410445,56a014a9-5b9c-41e5-9523-ebbd3a01dd6d,"What is the increase/ (decrease) in Statutory Audit, Certification, Audit of Individual and Consolidated Financial Statements from the period 2018 to 2019?","4,105,000-4,556,500",#-#,,,-451500.0,,False,False,False,False,False,[Outer Exception]local variable 'code' referenced before assignment,False,runtime_error
40,1755083942.543105,593a3304-3fbe-47d2-a004-f4459ef3d014,"In 2019, what is the percentage constitution of prepaid expenses among the total prepaid expenses and other?","2,303/2,496",#/#,,,92.27,percent,False,False,False,False,False,[Outer Exception]local variable 'code' referenced before assignment,False,runtime_error
41,1755083942.9839716,0f45cc67-fd57-4930-a0d0-f5d7174d7562,What is the percentage change in the value of raw materials between 2018 and 2019?,(222 - 191)/191 ,(#-#)/#,,,16.23,percent,False,False,False,True,False,[Outer Exception]local variable 'code' referenced before assignment,False,runtime_error
42,1755083943.271103,da716abd-9641-4038-8f1d-4233fcf405ee,What is the percentage change in the long-lived assets in United States from 2018 to 2019?,"(933,054-$784,469)/$784,469",(#-#)/#,,,18.94,percent,False,False,False,False,False,[Outer Exception]local variable 'code' referenced before assignment,False,runtime_error
43,1755083943.8294973,440e65d7-7c5c-4a28-871c-a828fa9860f3,What was the average Services for 2018 and 2019?,"(243,053 + 246,548) / 2",(#+#)/#,,,244800.5,thousand,False,False,False,True,False,[Outer Exception]local variable 'code' referenced before assignment,False,runtime_error
44,1755083944.0395298,2e3d4fe2-96f3-4ad9-b23f-1c590897b6e5,What is the increase / (decrease) in the RSUs Granted from 2018 to 2019?,674 - 583,#-#,,,91.0,million,False,False,False,False,False,[Outer Exception]local variable 'code' referenced before assignment,False,runtime_error
45,1755083944.1699147,9963bd65-093e-4801-8050-d2524ff06e7f,"For 2018, what is the percentage of constitution of employee severance and related costs among the total cost?","7,845/10,647",#/#,,,73.68,percent,False,False,False,False,False,[Outer Exception]local variable 'code' referenced before assignment,False,runtime_error
46,1755083944.3710437,f91f52fd-ed2d-448f-82ad-c95a10bc64d2,What was the percentage change in total assets between 2015 and 2016?,"($667,235-$632,904)/$632,904",(#-#)/#,,,5.42,percent,False,False,False,False,False,[Outer Exception]local variable 'code' referenced before assignment,False,runtime_error
47,1755083944.8359702,568f039b-5753-4e91-b3aa-17cbcbe9b259,What was the change in the Pre-contract costs from 2018 to 2020?,6 - 41,#-#,,,-35.0,million,False,False,False,False,False,[Outer Exception]local variable 'code' referenced before assignment,False,runtime_error
48,1755083945.1582966,9634107c-5ee5-4ad0-bc6e-47d6651b4d07,What is the average sales for years F19 and F18?,"(1,671 + 1,612) / 2 ",(#+#)/#,,,1641.5,million,False,False,False,True,False,[Outer Exception]local variable 'code' referenced before assignment,False,runtime_error
49,1755083945.3975916,7e058249-0f63-4002-912b-598bb9c62352,What is the total value of computer equipment and software at the end of 2018 and 2019 altogether?,"14,689 + 14,058 ",#+#,,,28747.0,,False,False,False,True,False,[Outer Exception]local variable 'code' referenced before assignment,False,runtime_error
50,1755083945.57899,b11567d3-d651-40d8-9b9e-bc71eb37d7f9,What was the percentage change in Transportation equipment in 2019 from 2018?,(613-636)/636,(#-#)/#,,,-3.62,percent,False,False,False,False,False,[Outer Exception]local variable 'code' referenced before assignment,False,runtime_error
51,1755083945.7867184,93c3d11c-cf30-4464-a882-479f5f0b3f79,"What was the percentage change in total receivables, net between 2018 and 2019?","($572,238-$537,192)/$537,192",(#-#)/#,,,6.52,percent,False,False,False,True,False,[Outer Exception]local variable 'code' referenced before assignment,False,runtime_error
52,1755083945.9446173,ffae65ab-7123-4c57-88a8-3bfec53e782a,What was the change in Autodesk's goodwill from 2018 to 2019?,"2,450.8-1,620.2",#-#,,,830.6,million,False,False,False,True,False,[Outer Exception]local variable 'code' referenced before assignment,False,runtime_error
53,1755083946.0753455,14381fab-36ac-482b-9f77-2c78f3f34ffb,What was the change in Additions in 2019 from 2018?,3.1-2.4,#-#,,,0.7000000000000001,million,False,False,False,False,False,[Outer Exception]local variable 'code' referenced before assignment,False,runtime_error
54,1755083946.3088145,775c21fd-9c4c-44d7-9879-81c2ca6d2420,What was the percentage change in cash and cash equivalents from 2018 to 2019 year end?,"(9,472-7,554)/7,554",(#-#)/#,,,25.39,percent,False,False,False,True,False,[Outer Exception]local variable 'code' referenced before assignment,False,runtime_error
55,1755083946.5935473,182dd9ea-dd5f-4ea0-bc30-bb42ef1f801c,What percentage of the total unrealized gain is generated from U.S. government obligations in 2018?,"416/14,650 ",#/#,,,2.84,percent,False,False,False,False,False,[Outer Exception]local variable 'code' referenced before assignment,False,runtime_error
56,1755083946.9856524,f6ccfc15-3970-467d-b83e-e2ce0ff365e3,What were the total expenses in 2019?,"125,843-42,959 ",#-#,,,82884.0,million,False,False,False,True,False,[Outer Exception]local variable 'code' referenced before assignment,False,runtime_error
57,1755083947.2130187,405f18a8-803b-4f68-be49-7490b74b3697,What was the change in Earnings before interest and taxes EBIT in 2018/2019 from 2017/2018?,828-713,#-#,,,115.0,million,False,False,False,False,False,[Outer Exception]local variable 'code' referenced before assignment,False,runtime_error
58,1755083947.389153,1504af2b-2364-4a59-8883-634a4ef67a34,What was the average orders for 2019 and 2018?,"(12,749 + 11,875) / 2",(#+#)/#,,,12312.0,million,False,False,False,False,False,[Outer Exception]local variable 'code' referenced before assignment,False,runtime_error
59,1755083947.55289,c36e2211-e46a-43d1-a0a8-ae87af347ae8,What was the change in the Net cash provided by (used in) investing activities from 2017 to 2018?,-114 - (71),-#-(#),,,-43.0,million,False,False,False,True,False,[Outer Exception]local variable 'code' referenced before assignment,False,runtime_error
60,1755083947.7366881,e81574d8-f9e8-48b3-85ab-a7ed36f8cbb0,What was the change in Acquisition and integration costs in 2019 from 2018?,17-8,#-#,,,9.0,million,False,False,False,False,False,[Outer Exception]local variable 'code' referenced before assignment,False,runtime_error
61,1755083947.961244,07148f97-1ced-46e4-a141-5cdffe6e6528,What was the change in the (Loss)/profit before taxation from 2018 to 2019?,-42.7 - 20.9,-#-#,,,-63.6,million,False,False,False,True,False,[Outer Exception]local variable 'code' referenced before assignment,False,runtime_error
62,1755083948.1342094,5f282807-f3fe-4efd-a4ef-b88a3d580bf9,What was the change in revenue from external customers from UK in 2019 from 2018?,83.2-73.5,#-#,,,9.7,million,False,False,False,False,False,[Outer Exception]local variable 'code' referenced before assignment,False,runtime_error
63,1755083948.323932,cfbbdf60-d0d7-458c-853c-d1ffa1e8356f,What was the increase / (decrease) in the Furniture and equipment from 2018 to 2019?,"11,604 - 10,671",#-#,,,933.0,thousand,False,False,False,True,False,[Outer Exception]local variable 'code' referenced before assignment,False,runtime_error
64,1755083948.5394332,5c59c850-a720-4b1f-b703-9e1d9ff8e242,What was the change in Accrued pension liabilities in 2019 from 2018?,3.4-3.3,#-#,,,0.1,million,False,False,False,False,False,[Outer Exception]local variable 'code' referenced before assignment,False,runtime_error
65,1755083948.9325233,e3041bef-c305-431f-b165-54cb8bca77fb,What was the change in Inventory between 2018 and 2019?,"$7,144-$6,609",#-#,,,535.0,thousand,False,False,False,True,False,[Outer Exception]local variable 'code' referenced before assignment,False,runtime_error
66,1755083949.3102489,c0d6605c-50c2-42b1-94f6-c4c601559918,"What was the change in the State income taxes, net of federal tax benefit from 2017 to 2018?",10 - 31,#-#,,,-21.0,million,False,False,False,True,False,[Outer Exception]local variable 'code' referenced before assignment,False,runtime_error
67,1755083949.5514534,81cab6e1-acb6-4c1e-a5f7-ae283cbd1b53,What is the net difference in sale of systems between 2017 and 2019?,"-139,042  - 392,883 ",-#-#,,,-531925.0,thousand,False,False,False,True,False,[Outer Exception]local variable 'code' referenced before assignment,False,runtime_error
68,1755083949.7780104,162f80b9-b689-4405-b6b2-5e98d3882ce7,What is the change in Trade receivables from 2018 to 2019?,"3,770-3,054",#-#,,,716.0,thousand,False,False,False,True,False,[Outer Exception]local variable 'code' referenced before assignment,False,runtime_error
69,1755083949.9153676,49e5b466-62c9-4cab-8d70-8e9317e7a007,"In the first quarter of 2018, what is the difference between the low and high price?",8.40-5.99,#-#,,,2.41,,False,False,False,False,False,[Outer Exception]local variable 'code' referenced before assignment,False,runtime_error
70,1755083950.122496,7707ff1b-ca2c-4d72-aad1-81315a5f54ff,"What is the change in the value of Total inventories between October 31, 2019 and 2018?","289,928-240,056",#-#,,,49872.0,thousand,False,False,False,False,False,[Outer Exception]local variable 'code' referenced before assignment,False,runtime_error
71,1755083950.248397,ebae8430-83a7-49c7-af14-99ddf4b1e376,What is the total amount of audit fees in both 2018 and 2019?,"58,000+55,000",#+#,,,113000.0,,False,False,False,False,False,[Outer Exception]local variable 'code' referenced before assignment,False,runtime_error
72,1755083950.8459623,c34555c9-39a6-4505-bc7e-fcabfa3ae6cd,"What is the net total underlying rights and other for both finite-lived and indefinite-lived intangible assets as of June 30, 2019?",14.5+1.9,#+#,,,16.4,million,False,False,False,True,False,[Outer Exception]local variable 'code' referenced before assignment,False,runtime_error
73,1755083951.269966,2e569f93-d58b-44a7-a947-ea6784b0623d,"What is the increase/ (decrease) in Revenues from, 2019 to 2018?","601,256-510,762",#-#,,,90494.0,thousand,False,False,False,True,False,[Outer Exception]local variable 'code' referenced before assignment,False,runtime_error
74,1755083951.446869,4cf34f4c-68c1-40f0-bb79-80ee15b256ed,What is the average tax related accruals for 2018 and 2019?,(30.8+38.4)/2,(#+#)/#,,,34.6,,False,False,False,False,False,[Outer Exception]local variable 'code' referenced before assignment,False,runtime_error
75,1755083951.5665648,2b5044df-ad20-4146-a571-e778cfc88c8d,"What is the percentage change of the investments accounted for at cost, adjusted for observable price changes between 2018 and 2019?","($1,750-$1,250)/$1,250",(#-#)/#,,,40.0,percent,False,False,False,False,False,[Outer Exception]local variable 'code' referenced before assignment,False,runtime_error
76,1755083951.9543383,b8afd327-b836-4276-8556-eac89746b09f,What is the change in the Combustion of fuel and operation of facilities (Scope 1) from FY18 to FY19 for UK and Ireland only?,"59,495 - 66,336",#-#,,,-6841.0,,False,False,False,False,False,[Outer Exception]local variable 'code' referenced before assignment,False,runtime_error
77,1755083952.1341157,27bc5656-93b7-4109-b1d2-25710ca3240f,How much is the change in transfers between 2018 year end and 2019 year end?,"-1,421-(-78,816)",-#-(-#),,,77395.0,million,False,False,False,True,False,[Outer Exception]local variable 'code' referenced before assignment,False,runtime_error
78,1755083952.3100922,f96cce90-9703-4b6b-9ea4-1a650ac8765a,"What is the change in ""impact of exchange rate"" from FY 2018 to FY 2019?",7.6-(-2.3) ,#-(-#),,,9.9,percent,False,False,False,False,False,[Outer Exception]local variable 'code' referenced before assignment,False,runtime_error
79,1755083952.5453768,9f7000b0-e7b7-48b2-bcc6-8f77209894f2,What is the current ratio in 2019?," 121,041 / 154,619 ",#/#,,,0.78,,False,False,False,False,False,[Outer Exception]local variable 'code' referenced before assignment,False,runtime_error
80,1755083952.7376318,bd8bb8d3-c7e9-4a7f-be23-97b27a29f74e,What was the percentage change in the total between 2018 and 2019?,"(5,015-5,256)/5,256",(#-#)/#,,,-4.59,percent,False,False,False,False,False,[Outer Exception]local variable 'code' referenced before assignment,False,runtime_error
81,1755083953.2698095,81c99a9e-786b-4ab6-94ed-e3149d697347,What is the percentage difference of total liabilities when comparing after adjustment to before adjustment?,5.2/94.9,#/#,,,5.48,percent,False,False,False,False,False,[Outer Exception]local variable 'code' referenced before assignment,False,runtime_error
82,1755083953.4150672,503dde52-a6e1-4c63-aca5-ff3d92ea2854,What is the change in income from operations between 2019 and 2018?,"12,491-9,587",#-#,,,2904.0,thousand,False,False,False,False,False,[Outer Exception]local variable 'code' referenced before assignment,False,runtime_error
83,1755083953.5597253,398246d7-5500-4560-8a8f-220a782b05e5,What was the percentage change in net inventories between 2018 and 2019?,"(42,237-43,486)/43,486",(#-#)/#,,,-2.87,percent,False,False,False,True,False,[Outer Exception]local variable 'code' referenced before assignment,False,runtime_error
84,1755083954.0890436,cf67e41d-d7f2-4804-97a2-5c81fa266ad3,How much is the Revenue in the first quarter of Fiscal 2018 as a percentage of the total revenue that year?,"($88,081/$365,912)",#/#,,,24.07,percent,False,False,False,True,False,[Outer Exception]local variable 'code' referenced before assignment,False,runtime_error
85,1755083954.2375727,716a0054-4177-43f6-b320-8de375eb3642,What was the average Expected term (years) for 2017-2019?,(3.9 + 3.4 + 7.0) / 3,(#+#+#)/#,,,4.77,,False,False,False,False,False,[Outer Exception]local variable 'code' referenced before assignment,False,runtime_error
86,1755083954.3687909,bfb033dc-19dc-41cc-9253-aa7e03b61a62,What was the difference in the Weighted-Average Useful Lives between Trademarks and tradenames and Other intangible assets?,5.0-2.0,#-#,,,3.0,,False,False,False,False,False,[Outer Exception]local variable 'code' referenced before assignment,False,runtime_error
87,1755083954.608018,f8011fb0-e5d3-464f-85c0-1d6752a8617c,"What is the increase/ (decrease) in Revenues of Teekay LNG from, 2019 to 2018?","601,256-510,762",#-#,,,90494.0,thousand,False,False,False,True,False,[Outer Exception]local variable 'code' referenced before assignment,False,runtime_error
88,1755083954.7867486,58060f0e-fb29-4aaf-b4c7-7e43d16e009d,"What is the average Employee separation expenses for the year ended December 31, 2019 to 2018?","(1,150+2,094) / 2",(#+#)/#,,,1622.0,thousand,False,False,False,False,False,[Outer Exception]local variable 'code' referenced before assignment,False,runtime_error
89,1755083954.9752872,4cee3e03-ed30-4e2c-8718-e65ad795d4e8,What is the increase / (decrease) in the Gross Profit from 2018 to 2019?,"222,859 - 361,046",#-#,,,-138187.0,thousand,False,False,False,True,False,[Outer Exception]local variable 'code' referenced before assignment,False,runtime_error
90,1755083955.459119,d06a5ade-d848-4325-a2a5-8f5ef427d246,What is the average total basic earnings per share for both 2018 and 2019?,(206.2 + 132.6)/2 ,(#+#)/#,,,169.4,,False,False,False,True,False,[Outer Exception]local variable 'code' referenced before assignment,False,runtime_error
91,1755083955.6357641,9a11777d-c146-4a13-aaa0-7676223a7849,What is the increase / (decrease) in the Realized gains (losses) on maturity and/or partial termination of cross currency swap from 2018 to 2019?,"0 - (-42,271)",#-(-#),,,42271.0,thousand,False,False,False,True,False,[Outer Exception]local variable 'code' referenced before assignment,False,runtime_error
92,1755083955.874811,d8ef780b-5c02-4c2e-a0c5-b9fd8dba625c,"What is the difference between the high and low price in September 29, 2019?",$91.30 - $70.77 ,#-#,,,20.53,,False,False,False,False,False,[Outer Exception]local variable 'code' referenced before assignment,False,runtime_error
93,1755083956.033112,8697d0a4-7073-4834-a055-44cccb3db95c,"What is the average Selling, general and administrative expense for December 31, 2018 and 2019?","(24,371,349+14,794,205) / 2",(#+#)/#,,,19582777.0,,False,False,False,False,False,[Outer Exception]local variable 'code' referenced before assignment,False,runtime_error
94,1755083956.3796766,c91ad938-6ad1-4481-8f6b-43ccd2f69926,What is the nominal difference for ROFE between F19 and F18?,17.1 - 15.2 ,#-#,,,1.9,percent,False,False,False,True,False,[Outer Exception]local variable 'code' referenced before assignment,False,runtime_error
95,1755083956.696591,d8637395-dbdb-4d49-a48b-ef14e97ebce5,What is the average voyage revenue in 2018 and 2019?,"(289,016 + 317,220)/2 ",(#+#)/#,,,303118.0,thousand,False,False,False,True,False,[Outer Exception]local variable 'code' referenced before assignment,False,runtime_error
96,1755083956.817532,889488f7-d2a4-4612-b146-a5dd3db8ff2e,How much was the average interest expenses in 2018 and 2019 ?,"(2,082 + 2,025) / 2 ",(#+#)/#,,,2053.5,million,False,False,False,False,False,[Outer Exception]local variable 'code' referenced before assignment,False,runtime_error
97,1755083957.2437568,aa4b7a98-1ec7-4bd8-a258-e928e92c9f75,What is the average of Net revenues by geographical region of shipment?,"(9,556+9,664+8,347) / 3",(#+#+#)/#,,,9189.0,,False,False,False,False,False,[Outer Exception]local variable 'code' referenced before assignment,False,runtime_error
98,1755083957.4271102,805a22a0-bc6b-42e1-98a3-9f665b8b4eec,What is the change in total cost of revenue between 2019 and 2018?,"(48,881-51,896)/51,896",(#-#)/#,,,-5.8100000000000005,percent,False,False,False,True,False,[Outer Exception]local variable 'code' referenced before assignment,False,runtime_error
99,1755083957.5951087,ca5ace26-609f-4199-b5a0-68ccf25ba98e,What was the sum of all Income tax net operating loss carryforwards?,"$57,299+$565,609",#+#,,,622908.0,thousand,False,False,False,False,False,[Outer Exception]local variable 'code' referenced before assignment,False,runtime_error
100,1755083957.7292714,54dd0e9e-c525-4bea-8bd7-b292e9dd9be3,What is the percentage change in the net investment in finance lease from 2018 to 2019?,(0.8-1.2)/1.2,(#-#)/#,,,-33.33,percent,False,False,False,False,False,[Outer Exception]local variable 'code' referenced before assignment,False,runtime_error
101,1755083957.8660052,b5ede057-3e98-4851-a1e1-1774c52cd908,What is the average salaries and fees between 2018 and 2019?,(4+4)/2,(#+#)/#,,,4.0,million,False,False,False,False,False,[Outer Exception]local variable 'code' referenced before assignment,False,runtime_error
102,1755083958.152902,005da8e4-571e-4612-9333-6c77d03ed838,What is the percentage change of total assets from 2018 to 2019?,"(5,765.2-5,050.2)/5,050.2",(#-#)/#,,,14.16,percent,False,False,False,False,False,[Outer Exception]local variable 'code' referenced before assignment,False,runtime_error
103,1755083958.3548203,ee74c321-b0e8-44f6-b15a-a4e8511b6183,What was the change in total emissions?,"4,785.7-5,087.6",#-#,,,-301.9,,False,False,False,False,False,[Outer Exception]local variable 'code' referenced before assignment,False,runtime_error
104,1755083958.5194836,8fb4b76c-b4d9-40e9-8233-28a19d06df41,What is the difference between the net cash provided by operating activities from 2018 to 2019?,"14,551-15,386",#-#,,,-835.0,million,False,False,False,True,False,[Outer Exception]local variable 'code' referenced before assignment,False,runtime_error
105,1755083958.6410894,4990b27f-a8a6-4683-82f8-c1cf657ba9c1,What is the average discount rate for 2018 and 2019?,(2.9% + 3.8%)/2 ,(#%+#%)/#,,,3.35,percent,False,False,False,False,False,[Outer Exception]local variable 'code' referenced before assignment,False,runtime_error
106,1755083958.8178718,078e34fa-b33a-43fe-afd3-d39b4cbd6a6b,What was the change in percentage of sales represented by gross profit between 2018 and 2019?,40.0-50.9,#-#,,,-10.9,percent,False,False,False,False,False,[Outer Exception]local variable 'code' referenced before assignment,False,runtime_error
107,1755083958.936516,e10133f7-0579-4a1d-b41c-c12210fc7559,What is the percentage change in the total trade receivables from 2018 to 2019?,(39.9-35.8)/35.8,(#-#)/#,,,11.45,percent,False,False,False,False,False,[Outer Exception]local variable 'code' referenced before assignment,False,runtime_error
108,1755083959.065115,c72f2f6d-3d88-406d-a482-0736ae4846b0,What was the change in the amount in APJ in 2019 from 2018?,98.7-103.6,#-#,,,-4.9,million,False,False,False,False,False,[Outer Exception]local variable 'code' referenced before assignment,False,runtime_error
109,1755083959.2376518,15cd82e8-7fe9-4529-a44f-eca0ce5137fb,What is the Total net revenue for fiscal 2018 and 2017?,"2,280+1,664",#+#,,,3944.0,million,False,False,False,False,False,[Outer Exception]local variable 'code' referenced before assignment,False,runtime_error
110,1755083959.390923,ff71e762-7a3d-4b9e-aa75-3ab148d8154c,What was the change in the average life expectancy for a male member aged 65 in 2019 from 2018?,86.8-87.3,#-#,,,-0.5,,False,False,False,False,False,[Outer Exception]local variable 'code' referenced before assignment,False,runtime_error
111,1755083959.4827163,df12359b-c35a-4c26-bfbf-a8c05f063be9,How much more cloud and license revenues came from the Americas as compared to Asia Pacific in 2018?,"(18,030 - 4,848)  ",#-#,,,13182.0,million,False,False,False,False,False,[Outer Exception]local variable 'code' referenced before assignment,False,runtime_error
112,1755083959.6970358,3cbbe606-2c3c-4e20-a266-3dc3fc00adb7,What was the change in the Total amount in 2019 from 2018?,44.5-41.0,#-#,,,3.5,million,False,False,False,False,False,[Outer Exception]local variable 'code' referenced before assignment,False,runtime_error
113,1755083959.9189079,973464b5-a5fe-4381-9bc5-e225f5ba9a2c,What was the absolute percentage change in risk-free interest rate between 2018 and 2019?,2.0-1.2,#-#,,,0.8,percent,False,False,False,False,False,[Outer Exception]local variable 'code' referenced before assignment,False,runtime_error
114,1755083960.4250464,0dbcbf46-790f-465c-ae57-ffe0167aee5e,"What is the change in Revenue of Software delivery, support and maintenance between 2017 and 2018?","9,441-10,949",#-#,,,-1508.0,thousand,False,False,False,True,False,[Outer Exception]local variable 'code' referenced before assignment,False,runtime_error
115,1755083960.5803351,e3f430ad-0f9f-4cfc-9976-3e99271555fa,What was the change in services between 2018 and 2019?,"$59,545 - $64,476 ",#-#,,,-4931.0,thousand,False,False,False,True,False,[Outer Exception]local variable 'code' referenced before assignment,False,runtime_error
116,1755083960.7243285,0339e2bb-4a63-4f23-aaea-b9fa3cb29737,"From fiscal year 2020 - 2024, what is the difference in the number of ground leases and land and building leases expiring?",697 - 381 ,#-#,,,316.0,,False,False,False,False,False,[Outer Exception]local variable 'code' referenced before assignment,False,runtime_error
117,1755083960.8793428,61c7a52b-6849-4e09-84e4-a5020e51c744,What is the average discount rate over the 3 year period from 2017 to 2019?,(2.5+2.4+3.2)/(2019-2017+1),(#+#+#)/(#-#+#),,,2.7,percent,False,False,False,False,False,[Outer Exception]local variable 'code' referenced before assignment,False,runtime_error
118,1755083960.9946082,a8ab5675-0560-4cd0-a294-76fd54b04ad6,What was the change in the amount for Ireland?,0.4-0.5,#-#,,,-0.1,million,False,False,False,False,False,[Outer Exception]local variable 'code' referenced before assignment,False,runtime_error
119,1755083961.2549515,e4f21617-1a84-40e4-bdf0-671df88cb862,"What is the percentage change in the working capital adjustment at June 30 and December 31, 2019?",(18-38)/38 ,(#-#)/#,,,-52.63,percent,False,False,False,True,False,[Outer Exception]local variable 'code' referenced before assignment,False,runtime_error
120,1755083961.4134338,bdfa7f74-0ec6-461f-a531-c164c7134a2f,What is the percentage change in the audit fees from 2018 to 2019?,"(1,092-823)/823",(#-#)/#,,,32.69,percent,False,False,False,False,False,[Outer Exception]local variable 'code' referenced before assignment,False,runtime_error
121,1755083961.6223142,359f9c4c-b405-40e5-88b5-86bfa0069b89,What was the percentage change in the Reductions related to a lapse of applicable statute of limitations between 2017 and 2018?,"(-3,144-(-1,102))/-1,102",(-#-(-#))/-#,,,185.3,percent,False,False,False,True,False,[Outer Exception]local variable 'code' referenced before assignment,False,runtime_error
122,1755083961.798264,9fa0bb46-4243-4629-81c2-3ba6e549fee0,What was the change in the land value from 2018 to 2019?,3.7 - 0.8,#-#,,,2.9,million,False,False,False,False,False,[Outer Exception]local variable 'code' referenced before assignment,False,runtime_error
123,1755083962.0196173,f2f39c26-9c31-4b39-b9c1-d5b4508736d6,What was the change in average price paid per share between the first to second month period?,65.53-64.77,#-#,,,0.76,,False,False,False,False,False,[Outer Exception]local variable 'code' referenced before assignment,False,runtime_error
124,1755083962.2339423,24395900-adc1-4c9d-8ce9-bd21c5a54808,What was the percentage change in Net income attributable to American Tower Corporation stockholders between 2018 and 2019?,"($1,887.8-$1,236.4)/$1,236.4",(#-#)/#,,,52.69,percent,False,False,False,True,False,[Outer Exception]local variable 'code' referenced before assignment,False,runtime_error
125,1755083962.3926165,d1e84439-5663-4c28-9d59-3854a0104409,What is the percentage increase in cash provided from financing activities between 2018 and 2019?,"(1,389 - 1,779) / 1,779 ",(#-#)/#,,,-21.92,percent,False,False,False,True,False,[Outer Exception]local variable 'code' referenced before assignment,False,runtime_error
126,1755083962.5231755,6befb6ea-a586-43d2-80bd-14f0721dd6f1,What is the percentage change in the total other non-current assets between 2018 and 2019?,"(41,846 - 8,620)/8,620 ",(#-#)/#,,,385.45,percent,False,False,False,False,False,[Outer Exception]local variable 'code' referenced before assignment,False,runtime_error
127,1755083962.8109,5a09d607-3502-4451-9d1a-a222dfc32968,"What is the average number of nonvested shares granted on January 1, 2017 and between December 30, 2018 and December 29, 2019?",(132 + 353)/2 ,(#+#)/#,,,242.5,thousand,False,False,False,True,False,[Outer Exception]local variable 'code' referenced before assignment,False,runtime_error
128,1755083963.1171353,34144864-790c-4733-8323-91347f68f5ef,What is the global increase / (decrease) in the hindi films from 2018 to 2019?,7 - 10,#-#,,,-3.0,,False,False,False,False,False,[Outer Exception]local variable 'code' referenced before assignment,False,runtime_error
129,1755083963.5348003,070a9fb1-6d17-40ba-b34e-82d0fe14037b,What is the percentage change in the research and development costs incurred from 2018 to 2019?,"(18,478-17,793)/17,793",(#-#)/#,,,3.85,percent,False,False,False,False,False,[Outer Exception]local variable 'code' referenced before assignment,False,runtime_error
130,1755083963.54346,54fec8b2-3105-45fc-aa90-fd07cdd582ae,What is the average age of the executive officers of the company as at 24 February 2020?,(47 + 51 + 64 + 47 + 54 + 41 + 37)/7 ,(#+#+#+#+#+#+#)/#,,,48.71,,False,False,False,False,False,[Outer Exception]0 is not in list,False,runtime_error
131,1755083963.749332,06dfc869-b3e2-446e-9b9a-1b2374c63c04,What is the percentage change in cash provided by financing activities between 2018 and 2019?,"(5,798-3,624)/3,624 ",(#-#)/#,,,59.99,percent,False,False,False,True,False,[Outer Exception]local variable 'code' referenced before assignment,False,runtime_error
132,1755083963.939492,c438e7d0-68d6-46c5-b5c7-6507889fa210,What was the average Interest income for 2018 and 2019?,"(30,182 + 13,281) / 2",(#+#)/#,,,21731.5,thousand,False,False,False,True,False,[Outer Exception]local variable 'code' referenced before assignment,False,runtime_error
133,1755083964.2421162,0a9b94be-b354-46e2-a448-e68b5f9f5e92,What is the percentage change of net operating losses and credits from 2018 to 2019?,"(113,475-61,494)/61,494",(#-#)/#,,,84.53,percent,False,False,False,True,False,[Outer Exception]local variable 'code' referenced before assignment,False,runtime_error
134,1755083964.401553,33fd26df-9da7-489c-96e6-bd43a8b79d89,"What is the average Products and licensing costs for December 31, 2018 and 2019?","(16,684,172+8,078,870) / 2",(#+#)/#,,,12381521.0,,False,False,False,False,False,[Outer Exception]local variable 'code' referenced before assignment,False,runtime_error
135,1755083964.660215,a3ea64bc-4447-4c0b-b76c-84575a3a0de2,What is the average Research and development funding?,(132+52+65) / 3,(#+#+#)/#,,,83.0,million,False,False,False,True,False,[Outer Exception]local variable 'code' referenced before assignment,False,runtime_error
136,1755083964.9116647,a8b031ed-58ec-418a-a229-89ad5444a6bb,"What was the change in Property, Plant, and Equipment, Net in 2019 from 2018?","3,574-3,497",#-#,,,77.0,million,False,False,False,True,False,[Outer Exception]local variable 'code' referenced before assignment,False,runtime_error
137,1755083965.0637908,073c6499-cf72-47f2-8874-7dfc67f1e251,What is the average of Net cash from operating activities?,(14.8+15.2+16.7) / 3,(#+#+#)/#,,,15.57,billion,False,False,False,False,False,[Outer Exception]local variable 'code' referenced before assignment,False,runtime_error
138,1755083965.3299587,c0ba2609-ef77-4d95-883b-369d6d3258c7,What was the change in Transportation Solutions in 2019 from 2018?,"4,781-4,707",#-#,,,74.0,million,False,False,False,False,False,[Outer Exception]local variable 'code' referenced before assignment,False,runtime_error
139,1755083965.5878887,d76df306-5452-4d72-ba6a-968482943bee,What was the average interest income for 2017 and 2018?,"(1,310 + 510) / 2",(#+#)/#,,,910.0,thousand,False,False,False,True,False,[Outer Exception]local variable 'code' referenced before assignment,False,runtime_error
140,1755083965.7495427,19bf32fd-847e-4449-84cf-f2f3df81b71b,What is the percentage change in the total dividends paid from 2018 to 2019?,"(28,128-25,633)/25,633",(#-#)/#,,,9.73,percent,False,False,False,True,False,[Outer Exception]local variable 'code' referenced before assignment,False,runtime_error
141,1755083965.9800892,ff9b07aa-2cdc-425a-86b6-2f231421ce11,What is the proportion (in percentage) of the sum of Grocery & Snacks and Refrigerated & Frozen’s net sales over total net sales in fiscal year 2018?,"($ 3,287.0+2,753.0)/$ 7,938.3 ",(#+#)/#,,,76.09,percent,False,False,False,True,False,[Outer Exception]local variable 'code' referenced before assignment,False,runtime_error
142,1755083966.3087683,2b77bd1e-17ee-4f74-9fb7-7cc4ad5142dd,What is the percentage change in Other for deferred tax assets?,(577-553)/553,(#-#)/#,,,4.34,percent,False,False,False,True,False,[Outer Exception]local variable 'code' referenced before assignment,False,runtime_error
143,1755083966.6406415,190316bd-8f09-4e44-9648-e83d0bab44fb,What was the change in Impairment losses between 2017 and 2018?,"200,657-50,565",#-#,,,150092.0,thousand,False,False,False,True,False,[Outer Exception]local variable 'code' referenced before assignment,False,runtime_error
144,1755083966.7903254,4dc88328-739b-43e5-a61d-8492ec4552a6,"What is the increase / (decrease) in Outstanding, beginning of the year from 2018 to 2019?","42,607 - 40,446",#-#,,,2161.0,,False,False,False,True,False,[Outer Exception]local variable 'code' referenced before assignment,False,runtime_error
145,1755083967.0361469,4b1ab745-9b93-495b-9c45-ede4e32b7657,What proportion of level 2 inputs is made up of money market funds? ,"2,010/442,262",#/#,,,0.45,percent,False,False,False,False,False,[Outer Exception]local variable 'code' referenced before assignment,False,runtime_error
146,1755083967.5468848,20b9f972-d7e9-4a47-a9ab-8c789db18f9d,"What is the percentage of other foreign borrowings and other domestic borrowings as a percentage of Total debt as of December 31, 2019 in fair values?","(12.4+89.0)/4,073.9",(#+#)/#,,,2.49,percent,False,False,False,False,False,[Outer Exception]local variable 'code' referenced before assignment,False,runtime_error
147,1755083967.703768,52b32d22-da73-4420-81e4-8cdad82d2125,What was the change in the amount Outstanding at 1 April in 2019 from 2018?,"3,104,563-2,682,738",#-#,,,421825.0,,False,False,False,True,False,[Outer Exception]local variable 'code' referenced before assignment,False,runtime_error
148,1755083967.8591855,56327885-98fe-40db-93f8-f762b1bf5d20,What was the percentage change in the ending balance between 2017 and 2018?,(-1.3-(-1.9))/-1.9,(-#-(-#))/-#,,,-31.58,percent,False,False,False,False,False,[Outer Exception]local variable 'code' referenced before assignment,False,runtime_error
149,1755083968.1562483,90f6b6b5-3d82-459d-b9b7-d86dae985655,What was the change in Net operating loss carryforwards from 2018 to 2019?,"65,477 - 64,887",#-#,,,590.0,thousand,False,False,False,True,False,[Outer Exception]local variable 'code' referenced before assignment,False,runtime_error
150,1755083968.378515,ecf25a96-a643-4bed-a0bb-c6eaf4999269,What is the 2019 average total amount falling due within one year?,"(243,424+221,233)/2",(#+#)/#,,,232328.5,million,False,False,False,False,False,[Outer Exception]local variable 'code' referenced before assignment,False,runtime_error
151,1755083968.5858066,ab50c5ce-cf88-45c7-acc8-2b73faa97d99,What was the change in the number of shares granted in 2019 from 2018?,"1,001.1-907.3",#-#,,,93.8,thousand,False,False,False,True,False,[Outer Exception]local variable 'code' referenced before assignment,False,runtime_error
152,1755083968.6826227,91f1515f-4771-403c-ba45-309079ea2723,"What is the change in Net Sales from Fiscal Year Ended April 28, 2018 to Fiscal Year Ended April 27, 2019?","1,000.3-908.3",#-#,,,92.0,million,False,False,False,False,False,[Outer Exception]local variable 'code' referenced before assignment,False,runtime_error
153,1755083969.1263335,78f0aebe-c955-4e78-831e-0ffa77c0f50b,What was the change in deferred revenue in 2019 from 2018?,4-5,#-#,,,-1.0,million,False,False,False,True,False,[Outer Exception]local variable 'code' referenced before assignment,False,runtime_error
154,1755083969.3263428,643cfcef-6d2c-4df7-b538-3588e28b58e1,"What was the average losses recognized in other income (expense), net, across the 3 year period?",(64+255+389)/3,(#+#+#)/#,,,236.0,million,False,False,False,True,False,[Outer Exception]local variable 'code' referenced before assignment,False,runtime_error
155,1755083969.523947,1068bcff-95a1-49cf-b41a-36b9ccb93c8b,What was the percentage change in net cash provided by operating activities from 2017 to 2018?,"($283,710 - $223,630)/$223,630 ",(#-#)/#,,,26.87,percent,False,False,False,True,False,[Outer Exception]local variable 'code' referenced before assignment,False,runtime_error
156,1755083969.7116575,c45b4b2a-bfb7-4b05-af7c-2c0d31dbe7dd,What is the difference in low and medium country risk due for 1-90 days past due?,"1,347-891",#-#,,,456.0,,False,False,False,False,False,[Outer Exception]local variable 'code' referenced before assignment,False,runtime_error
157,1755083969.8596742,d21b8fe8-119a-4bd7-ba93-24cb28deb15c,"What was the percentage increase / (decrease) in the selling, general and administrative expenses from 2018 to 2019?",24.9 / 33.5 - 1,#/#-#,,,-25.67,percent,False,False,False,True,False,[Outer Exception]local variable 'code' referenced before assignment,False,runtime_error
158,1755083969.9965343,a9fa838a-1b85-47f0-a6f7-716f8bb333a1,What was the percentage change in the net Total other (expense) income between 2017 and 2018?,"(-2,935-1,758)/1,758",(-#-#)/#,,,-266.95,percent,False,False,False,True,False,[Outer Exception]local variable 'code' referenced before assignment,False,runtime_error
159,1755083970.1474056,6315382f-6dba-46d9-adc5-08a0ad6efb7a,What was the difference in total expected charges between Transportation Solutions and Industrial Solutions?,160-80,#-#,,,80.0,million,False,False,False,False,False,[Outer Exception]local variable 'code' referenced before assignment,False,runtime_error
160,1755083970.3993118,26460beb-b3dd-4fb0-9b73-dd204c76dba8,What was the difference between total net receivables and current net receivables?,"27,579 - 23,524 ",#-#,,,4055.0,thousand,False,False,False,False,False,[Outer Exception]local variable 'code' referenced before assignment,False,runtime_error
161,1755083970.551865,8414474d-b00d-4231-8973-9c76f29d3e1c,What was the change in the dividend shares awarded in 2019 from 2018?,"4,518-9,778",#-#,,,-5260.0,,False,False,False,True,False,[Outer Exception]local variable 'code' referenced before assignment,False,runtime_error
162,1755083970.6863642,83cb2a97-d51f-43d8-b3ee-ee59994a1238,What was the percentage change in net bookings between 2018 and 2019?,"($6,388-$7,262)/$7,262",(#-#)/#,,,-12.04,percent,False,False,False,True,False,[Outer Exception]local variable 'code' referenced before assignment,False,runtime_error
163,1755083971.1507316,fd8d07ff-964d-4689-a845-575b95201ca5,What is the increase / (decrease) in the Weighted-average common stock outstanding from 2018 to 2019?,44.8 - 44.3,#-#,,,0.5,million,False,False,False,True,False,[Outer Exception]local variable 'code' referenced before assignment,False,runtime_error
164,1755083971.29148,2f68d64d-b509-4961-9d86-9a04afb7c35c,What is the company's average goodwill impairment in 2018 and 2019?,"(14,740 + 1,910)/2 ",(#+#)/#,,,8325.0,thousand,False,False,False,True,False,[Outer Exception]local variable 'code' referenced before assignment,False,runtime_error
165,1755083971.4884787,e93ba03b-59c0-4107-8f4b-ce9da002e06c,"What is the increase/ (decrease) in Salaries, employee benefits and outsourced services from 2018 to 2019?","345,041-317,118",#-#,,,27923.0,thousand,False,False,False,False,False,[Outer Exception]local variable 'code' referenced before assignment,False,runtime_error
166,1755083971.9026792,90e6adf2-242b-4ffb-916c-96bc3af28b46,What is the average Net deferred tax liabilities for fiscal years 2019 and 2018?,"(74,132+ 62,793)/2",(#+#)/#,,,68462.5,thousand,False,False,False,True,False,[Outer Exception]local variable 'code' referenced before assignment,False,runtime_error
167,1755083972.0771656,662a1cd9-966c-4ba9-9eb4-5870082bce7d,What was the average cost of revenues between 2017-2019?,(234 + 259 + 282) / 3,(#+#+#)/#,,,258.33,thousand,False,False,False,False,False,[Outer Exception]local variable 'code' referenced before assignment,False,runtime_error
168,1755083972.193423,c5f0987e-eeb3-40cd-af72-085dae874436,What is the average Trade accounts receivable?,"(1,396+1,292) / 2",(#+#)/#,,,1344.0,,False,False,False,True,False,[Outer Exception]local variable 'code' referenced before assignment,False,runtime_error
169,1755083972.4014826,f329027f-e65a-402c-908e-21f0a0d25fe0,What is the increase / (decrease) in the primary service units  in net additions(losses) from 2018 to 2019?,"16,981 - 20,251",#-#,,,-3270.0,,False,False,False,True,False,[Outer Exception]local variable 'code' referenced before assignment,False,runtime_error
170,1755083972.5495389,438d631c-1dd3-4620-b851-d9ea5cec4ad5,What was the change in the prepaid expenses and other from 2018 to 2019?,"2,578 - 2,083",#-#,,,495.0,million,False,False,False,False,False,[Outer Exception]local variable 'code' referenced before assignment,False,runtime_error
171,1755083972.8786569,6a964030-4a22-4fc0-a434-ebde9a551dbf,What is the change between direct energy consumption (MWh) in 2018 and 2019 year end?,"19,144.17-12,852.04",#-#,,,6292.13,,False,False,False,False,False,[Outer Exception]local variable 'code' referenced before assignment,False,runtime_error
172,1755083973.1190534,e3121b60-1b2f-4e65-92a2-cf3f02e60b46,What is the increase / (decrease) in the Net cash from operating activities from 2018 to 2019?,"1,869 - 1,845",#-#,,,24.0,million,False,False,False,True,False,[Outer Exception]local variable 'code' referenced before assignment,False,runtime_error
173,1755083973.2118511,9f84812f-f352-4bdf-835d-e8d19254149a,What is the nominal difference for the number of fully paid ordinary shares between 2018 and 2019?,"1,313,323,941 - 1,258,690,067 ",#-#,,,54633874.0,,False,False,False,True,False,[Outer Exception]local variable 'code' referenced before assignment,False,runtime_error
174,1755083973.4622738,176587d4-2707-40ee-9bd5-cd2d75e17980,What is the percentage change in net income between fiscal years 2019 and 2018?,"(53,294-61,431)/61,431",(#-#)/#,,,-13.25,percent,False,False,False,True,False,[Outer Exception]local variable 'code' referenced before assignment,False,runtime_error
175,1755083973.58487,61c26008-59e3-4d44-b02e-2a473fb54600,What is the percentage change in the cash and cash equivalents from 2018 to 2019?,"(21,956-33,045)/33,045",(#-#)/#,,,-33.56,percent,False,False,False,False,False,[Outer Exception]local variable 'code' referenced before assignment,False,runtime_error
176,1755083973.859225,add9076b-b167-4ff6-a071-fc94902d728d,What was the change in Distribution in 2019 from 2018?,136.4-131.7,#-#,,,4.7,million,False,False,False,False,False,[Outer Exception]local variable 'code' referenced before assignment,False,runtime_error
177,1755083974.0154006,6f65d33d-c721-45f9-9519-9ea4f5d7e740,What is the percentage change in Net cash used in investing activities between 2018 and 2019?,"(-97,727-(-20,876))/(-20,876)",(-#-(-#))/(-#),,,368.13,percent,False,False,False,True,False,[Outer Exception]local variable 'code' referenced before assignment,False,runtime_error
178,1755083974.2281609,058d1fa4-99b9-481d-a815-3c6df09cc031,"What is the percentage change in the net cost of land, property, and equipment in 2019 compared to 2018?","(1,298-1,601)/1,601 ",(#-#)/#,,,-18.93,percent,False,False,False,True,False,[Outer Exception]local variable 'code' referenced before assignment,False,runtime_error
179,1755083974.3821745,bbf04869-c442-4909-a65d-c7bc89b6e726,What is the percentage increase in Swiss income from 2017 to 2018?,"($177,935 - $161,544) / $161,544",(#-#)/#,,,10.15,percent,False,False,False,False,False,[Outer Exception]local variable 'code' referenced before assignment,False,runtime_error
180,1755083974.6666622,475616e0-6449-444e-8087-f9afc6da36be,"For Balance payable as at June 30, 2019, what is Workforce reduction expressed as a percentage of Facility costs?","1,046/2,949",#/#,,,35.47,percent,False,False,False,True,False,[Outer Exception]local variable 'code' referenced before assignment,False,runtime_error
181,1755083974.819138,33437a5b-9c80-4961-a8c6-9a31c6458cf8,What is the average percentage of net revenues of OEM?,(70+65+66) / 3,(#+#+#)/#,,,67.0,percent,False,False,False,False,False,[Outer Exception]local variable 'code' referenced before assignment,False,runtime_error
182,1755083975.0926707,b70433bd-7c92-413d-af00-cef3907cafe8,What is the percentage constitution of cash in the total gains on the sale of company-operated restaurants in 2019?,"1,280/1,366 ",#/#,,,93.7,percent,False,False,False,True,False,[Outer Exception]local variable 'code' referenced before assignment,False,runtime_error
183,1755083975.2440848,73f75537-695c-431d-a917-18071def0090,What was the change in the leasehold external valuation % from 2018 to 2019?,23 - 60,#-#,,,-37.0,percent,False,False,False,False,False,[Outer Exception]local variable 'code' referenced before assignment,False,runtime_error
184,1755083975.4342413,eb86d5f5-d1b0-4761-ae4c-417b8775ce5b,What is the change in the number of shares granted between 2018 and 2019?,"253,113 - 200,000 ",#-#,,,53113.0,,False,False,False,False,False,[Outer Exception]local variable 'code' referenced before assignment,False,runtime_error
185,1755083975.7026856,81bfcf69-2537-4d6b-8795-5dc91dc4e2d1,What is the total provision for income taxes between 2017 to 2019?,"$1,407 + $1,082 + $1,206",#+#+#,,,3695.0,thousand,False,False,False,True,False,[Outer Exception]local variable 'code' referenced before assignment,False,runtime_error
186,1755083975.9046605,cbe6cbca-b772-4e12-b0ba-c32a7629d43e,What is the Total change in general and administrative expenses from Fiscal year 2017 to 2019?,"2,682+34,874",#+#,,,37556.0,thousand,False,False,False,True,False,[Outer Exception]local variable 'code' referenced before assignment,False,runtime_error
187,1755083976.2964582,6ba75fbd-3fd8-4756-b583-f696a50e39a7,What is the average net change in cash balance across the 2 years?,(-16-5) / 2,(-#-#)/#,,,-10.5,million,False,False,False,True,False,[Outer Exception]local variable 'code' referenced before assignment,False,runtime_error
188,1755083976.4895284,abe51f5c-86e3-43cd-8e55-fd387d978321,What is the average Cost of sales?,"(5,860+5,803+5,075) / 3",(#+#+#)/#,,,5579.33,million,False,False,False,True,False,[Outer Exception]local variable 'code' referenced before assignment,False,runtime_error
189,1755083976.8669887,ac017bd6-9ee5-4d08-b96c-19fc5bb9d1ed,What is the percentage change in gross deferred tax assets in 2019 compared to 2018?,"(38,771-38,721)/38,721",(#-#)/#,,,0.13,percent,False,False,False,True,False,[Outer Exception]local variable 'code' referenced before assignment,False,runtime_error
190,1755083977.109118,24f8613a-5516-4f0e-9839-8f6e31480785,What was the percentage of total financial assets in Euro over the Group total?,115.9/431.9,#/#,,,26.83,percent,False,False,False,False,False,[Outer Exception]local variable 'code' referenced before assignment,False,runtime_error
191,1755083977.272381,0e22cef8-0342-4085-b5ad-a9ea512a8b3f,What was the average Interest expense?,"(1,344 + 723) / 2",(#+#)/#,,,1033.5,million,False,False,False,True,False,[Outer Exception]local variable 'code' referenced before assignment,False,runtime_error
192,1755083977.4675517,f027451d-00f0-4ac1-8dd4-941404139f04,What is the value of the company's total financing obligations as a percentage of its total purchase obligations?,"8,868/97,219 ",#/#,,,9.12,percent,False,False,False,False,False,[Outer Exception]local variable 'code' referenced before assignment,False,runtime_error
193,1755083977.870794,a8306bab-9758-4e8b-be9a-f797a6601422,What is the percentage increase in Total assets after adoption of new standard?,"114/15,824",#/#,,,0.72,percent,False,False,False,True,False,[Outer Exception]local variable 'code' referenced before assignment,False,runtime_error
194,1755083978.1395197,55a6f613-38bc-4bf6-b53a-bf2ef01c6ed2,What is the company's average revenue from software license between 2018 and 2019?,"(282,950 + 275,792)/2 ",(#+#)/#,,,279371.0,thousand,False,False,False,True,False,[Outer Exception]local variable 'code' referenced before assignment,False,runtime_error
195,1755083978.3406458,ce61f92d-668f-47cd-9b72-2265209f67a2,What was the average orders for 2019 and 2018?,"(19,975 + 18,451) / 2",(#+#)/#,,,19213.0,million,False,False,False,False,False,[Outer Exception]local variable 'code' referenced before assignment,False,runtime_error
196,1755083978.5775452,5512e4f4-6808-464d-884d-95db34563593,What was the average interest income for 2018 and 2019?,"(2,515 + 1,310) / 2",(#+#)/#,,,1912.5,thousand,False,False,False,True,False,[Outer Exception]local variable 'code' referenced before assignment,False,runtime_error
197,1755083979.293165,311dc93c-93b4-49a5-ba50-5d97cc16e4fa,What is the average investment income between 2018 and 2019? ,(433+685)/2,(#+#)/#,,,559.0,million,False,False,False,True,False,[Outer Exception]local variable 'code' referenced before assignment,False,runtime_error
198,1755083979.425279,f9c8ce19-71ce-48aa-b3f3-9414d7112a4b,What is the change in Total Fees from 2018 to 2019?," $17,912,003 - $17,439,340 ",#-#,,,472663.0,,False,False,False,False,False,[Outer Exception]local variable 'code' referenced before assignment,False,runtime_error
199,1755083979.566247,86f8addb-85de-4f61-86d5-da4b6eca413a,What is the percentage change of  Total Revenue from 2018 to 2019?," ($3,037,000 - $22,106,000 )/ $22,106,000 ",(#-#)/#,,,-86.26,percent,False,False,False,False,False,[Outer Exception]local variable 'code' referenced before assignment,False,runtime_error
200,1755083979.8265676,6c4b20ff-34f4-4d53-aa16-de4fecd30f3e,What was the total USD denominated monetary assets as at 31 December 2019?,"27,728+373",#+#,,,28101.0,million,False,False,False,True,False,[Outer Exception]local variable 'code' referenced before assignment,False,runtime_error
201,1755083980.0794282,ba16499f-3c96-4faa-81b0-874f9ace7c8c,What was the change in the basic net income per share between 2017 and 2018?,0.43-1.75,#-#,,,-1.32,,False,False,False,False,False,[Outer Exception]local variable 'code' referenced before assignment,False,runtime_error
202,1755083980.2934003,9d2aa4d9-194f-417a-9ed7-95cf4f5c95cd,"What is the change in accumulated depreciation for PPE between December 31, 2018 and 2019?","(2,964.6 - 2,755.1)/2,755.1 ",(#-#)/#,,,7.6,percent,False,False,False,True,False,[Outer Exception]local variable 'code' referenced before assignment,False,runtime_error
203,1755083980.671233,14120019-ba0a-483f-9046-2f2d4118761c,How much is the change in additions of financial assets from 2018 to 2019?,"39,116-51,185",#-#,,,-12069.0,million,False,False,False,True,False,[Outer Exception]local variable 'code' referenced before assignment,False,runtime_error
204,1755083980.8916895,64d8c7e4-99d6-4d2e-ac39-dbee2a0dbc85,What is the sum of finance leases from 2020 to 2024?,47+28+22+22+21,#+#+#+#+#,,,140.0,million,False,False,False,True,False,[Outer Exception]local variable 'code' referenced before assignment,False,runtime_error
205,1755083981.1113884,16f3274f-d35e-459a-9216-4d83b725f9b6,How much is the change between 2018 to 2019 carrying amount of the interest rate swaps?,"-494-1,663",-#-#,,,-2157.0,million,False,False,False,True,False,[Outer Exception]local variable 'code' referenced before assignment,False,runtime_error
206,1755083981.333598,12a99674-3d7b-43b8-acce-98a83bd7c70e,"What is the percentage change of revenue from Hong Kong from 2017 to 2018, based on the geographic location of the customer’s headquarters?","(1,761-1,429)/1,429 ",(#-#)/#,,,23.23,percent,False,False,False,False,False,[Outer Exception]local variable 'code' referenced before assignment,False,runtime_error
207,1755083981.5400336,eccadabb-b970-47f6-8537-27907d2408c6,What is the total earnings in 2019?,"0.34*13,442,871",#*#,,,4570576.14,,False,False,False,False,False,[Outer Exception]local variable 'code' referenced before assignment,False,runtime_error
208,1755083981.8165662,803799b7-519c-4ca2-8e72-a76fe69b2e6a,What is the total goodwill acquired in the Network Software & Systems segment from 2018 to 2019?,"33.1+1,303.6 ",#+#,,,1336.7,,False,False,False,True,False,[Outer Exception]local variable 'code' referenced before assignment,False,runtime_error
209,1755083982.4791772,ca7623cd-811b-4b33-8e3d-b78b0ec1f58e,What is the average annual GAAP-based Professional Service and Other Gross Margin %?,(21.2+19.9+17.2)/3,(#+#+#)/#,,,19.43,percent,False,False,False,True,False,[Outer Exception]local variable 'code' referenced before assignment,False,runtime_error
210,1755083982.7781873,6ce427fa-d1ff-481d-b6ba-7950d43e7c22,What is the proportion of long-term debt payments due in 5 years or below? ,"(2,747.6+2,287.0)/10,556.6 ",(#+#)/#,,,0.48,,False,False,False,False,False,[Outer Exception]local variable 'code' referenced before assignment,False,runtime_error
211,1755083982.9025958,7e8041b3-4b8c-4e47-8c83-af0b9a6fdb4c,What was the increase / (decrease) in the FCC licenses from 2018 to 2019?,136.2 - 120.6,#-#,,,15.6,million,False,False,False,False,False,[Outer Exception]local variable 'code' referenced before assignment,False,runtime_error
212,1755083983.0623868,5b48fea5-61de-401b-aea9-b2b90b7a0eeb,"What is the percentage of non-vested shares granted in 2019 as a percentage of the total non-vested shares at December 31, 2019?","473,550/1,283,281 ",#/#,,,36.9,percent,False,False,False,True,False,[Outer Exception]local variable 'code' referenced before assignment,False,runtime_error
213,1755083983.2182543,c8ed0bf6-60c5-41e2-97e3-5ece54a1349b,What is the change in total personnel expenses from 2018 to 2019?," 227,727 - 188,503 ",#-#,,,39224.0,,False,False,False,False,False,[Outer Exception]local variable 'code' referenced before assignment,False,runtime_error
214,1755083983.400561,ec696158-f93d-4608-903d-a6b9c4e7bfd5,What is the increase / (decrease) in the telecommunication maintenance from 2018 to 2019?,86.8 - 87.0,#-#,,,-0.2,million,False,False,False,False,False,[Outer Exception]local variable 'code' referenced before assignment,False,runtime_error
